{
  "model": "LogisticRegression",
  "pipeline": [
    "TfidfVectorizer(1-2gram,max_features=20000,min_df=2)",
    "LogisticRegression(saga,balanced)"
  ],
  "classes": [
    "credible",
    "not credible"
  ],
  "created_at": "2025-11-02T17:06:45.880274Z",
  "dataset": {
    "sources": [
      "PFNC"
    ],
    "rows": 22458
  },
  "metrics": {
    "accuracy": 0.9612644701691897,
    "precision": 0.954815527134719,
    "recall": 0.9595774901721509,
    "f1": 0.9571234095888101
  }
}